e5293_10479.png;e
e5293_10717.png;e
e5293_10961.png;e
e5293_11458.png;e
e5293_11885.png;e
e5293_1407.png;e
e5293_14142.png;e
e5293_14217.png;e
e5293_14404.png;e
e5293_14584.png;e
e5293_14643.png;e
e5293_15170.png;e
e5293_16204.png;e
e5293_16237.png;e
e5293_16425.png;e
e5293_17937.png;e
e5293_18112.png;e
e5293_18242.png;e
e5293_18919.png;e
e5293_19419.png;e
e5293_20994.png;e
e5293_2198.png;e
qq5305_30826.png;q
qq5305_31247.png;q
qq5305_31666.png;q
qq5305_31803.png;q
qq5305_32047.png;q
qq5305_32184.png;q
qq5305_32737.png;q
qq5305_32906.png;q
qq5305_33142.png;q
qq5305_33590.png;q
qq5305_34315.png;q
z5293_10238.png;m
z5293_10331.png;m
z5293_10745.png;t
z5293_10847.png;m
z5293_10970.png;t
z5293_11258.png;t
z5293_12058.png;q
z5293_12127.png;m
z5293_12254.png;q
z5293_12358.png;t
z5293_12545.png;q
z5293_12806.png;q
z5293_12955.png;q
z5293_13404.png;q
z5293_13504.png;m
z5293_13623.png;m
z5293_13653.png;q
z5293_13826.png;q
z5293_13865.png;m
z5293_14476.png;m
z5293_14612.png;m
z5293_15219.png;m
z5293_1584.png;t
z5293_15907.png;m
z5293_16457.png;t
z5293_16938.png;t
z5293_17033.png;q
z5293_17262.png;q
z5293_17667.png;t
z5293_17822.png;q
z5293_17905.png;t
z5293_1795.png;t
z5293_18072.png;m
z5293_18087.png;m
z5293_18545.png;m
z5293_18705.png;q
z5293_19167.png;m
z5293_19282.png;q
z5293_19510.png;q
z5293_19522.png;m
z5293_19664.png;m
z5293_19688.png;t
z5293_20246.png;q
z5293_20557.png;m
z5293_20706.png;t
z5293_20942.png;q
z5293_2108.png;m
z5293_2124.png;t
z5293_21557.png;t
z5293_21992.png;t
z5293_22305.png;t
z5293_22420.png;m
z5293_22734.png;q
z5293_22952.png;m
z5293_23094.png;m
z5293_23147.png;q
z5293_23351.png;t
z5293_23945.png;q
z5293_24598.png;q
z5293_26596.png;q
z5293_2778.png;e
z5293_3008.png;q
z5293_31605.png;q
z5293_32475.png;q
z5293_3267.png;m
z5293_32857.png;q
z5293_33436.png;q
z5293_34932.png;q
z5293_35483.png;q
z5293_36948.png;q
z5293_37564.png;q
z5293_3764.png;t
z5293_37730.png;q
z5293_39777.png;q
z5293_40583.png;q
z5293_42105.png;q
z5293_44071.png;q
z5293_46109.png;q
z5293_46226.png;q
z5293_46537.png;q
z5293_50868.png;q
z5293_5110.png;m
z5293_52228.png;q
z5293_5293.png;m
z5293_5299.png;t
z5293_53039.png;q
z5293_53591.png;q
z5293_53810.png;q
z5293_5419.png;m
z5293_54644.png;q
z5293_55023.png;q
z5293_5647.png;m
z5293_56530.png;q
z5293_57932.png;q
z5293_590.png;q
z5293_59259.png;q
z5293_59966.png;q
z5293_6126.png;t
z5293_61319.png;q
z5293_6387.png;t
z5293_6391.png;m
z5293_64517.png;q
z5293_68047.png;q
z5293_68934.png;q
z5293_71896.png;q
z5293_7278.png;t
z5293_7283.png;m
z5293_76081.png;q
z5293_76791.png;q
z5293_77025.png;q
z5293_77299.png;q
z5293_77992.png;q
z5293_7810.png;t
z5293_78339.png;q
z5293_78519.png;q
z5293_8197.png;q
z5293_8299.png;m
z5293_8467.png;t
z5293_9288.png;m
z5293_941.png;q
z5293_9425.png;m
z5293_9566.png;q
z5293_9573.png;t
z5293_9693.png;q
z5293_995.png;t
z5294_10582.png;q
z5294_11282.png;q
z5294_13347.png;q
z5294_1924.png;q
z5294_2924.png;q
z5294_3519.png;q
z5294_4211.png;q
z5294_7748.png;q
z5294_8379.png;q
z5294_9103.png;q
z5295_10730.png;q
z5295_12839.png;q
z5295_1998.png;q
z5295_2463.png;q
z5295_316.png;q
z5295_541.png;q
z5295_6884.png;q
z5295_7223.png;q
z5295_8554.png;q
z5295_990.png;q
z5297_100826.png;q
z5297_101539.png;q
z5297_101683.png;q
z5297_102000.png;q
z5297_102567.png;q
z5297_106149.png;q
z5297_106859.png;q
z5297_107863.png;q
z5297_109396.png;q
z5297_109604.png;q
z5297_111256.png;q
z5297_111746.png;q
z5297_114513.png;q
z5297_11493.png;q
z5297_115927.png;q
z5297_118862.png;q
z5297_118997.png;q
z5297_120538.png;q
z5297_122440.png;q
z5297_122520.png;q
z5297_123582.png;q
z5297_123936.png;q
z5297_125626.png;q
z5297_129581.png;q
z5297_130344.png;q
z5297_130453.png;q
z5297_131104.png;q
z5297_132276.png;q
z5297_132609.png;q
z5297_135207.png;q
z5297_135323.png;q
z5297_136407.png;q
z5297_137785.png;q
z5297_138488.png;q
z5297_139056.png;q
z5297_141818.png;q
z5297_143927.png;q
z5297_14500.png;q
z5297_145960.png;q
z5297_152013.png;q
z5297_153631.png;q
z5297_154962.png;q
z5297_155714.png;q
z5297_1591.png;q
z5297_159747.png;q
z5297_160041.png;q
z5297_16094.png;q
z5297_161340.png;q
z5297_162511.png;q
z5297_164362.png;q
z5297_164582.png;q
z5297_165246.png;q
z5297_16649.png;q
z5297_168003.png;q
z5297_170463.png;q
z5297_172210.png;q
z5297_174112.png;q
z5297_174483.png;q
z5297_180658.png;q
z5297_181164.png;q
z5297_182038.png;q
z5297_182780.png;q
z5297_185781.png;q
z5297_186393.png;q
z5297_187190.png;q
z5297_187875.png;q
z5297_190508.png;q
z5297_190947.png;q
z5297_191346.png;q
z5297_1930.png;q
z5297_194078.png;q
z5297_195204.png;q
z5297_195408.png;q
z5297_197212.png;q
z5297_197775.png;q
z5297_199479.png;q
z5297_200631.png;q
z5297_203966.png;q
z5297_205100.png;q
z5297_205284.png;q
z5297_205589.png;q
z5297_206089.png;q
z5297_206206.png;q
z5297_207488.png;q
z5297_208405.png;q
z5297_208689.png;q
z5297_208977.png;q
z5297_209515.png;q
z5297_210657.png;q
z5297_212178.png;q
z5297_212906.png;q
z5297_214074.png;q
z5297_214697.png;q
z5297_214827.png;q
z5297_215180.png;q
z5297_215451.png;q
z5297_215583.png;q
z5297_217166.png;q
z5297_217941.png;q
z5297_218363.png;q
z5297_219158.png;q
z5297_219401.png;q
z5297_219581.png;q
z5297_21967.png;q
z5297_224378.png;q
z5297_224658.png;q
z5297_225687.png;q
z5297_227083.png;q
z5297_227205.png;q
z5297_228281.png;q
z5297_228456.png;q
z5297_228822.png;q
z5297_23009.png;q
z5297_230854.png;q
z5297_231274.png;q
z5297_231469.png;q
z5297_23583.png;q
z5297_27129.png;q
z5297_27254.png;q
z5297_29425.png;q
z5297_31194.png;q
z5297_31522.png;q
z5297_33041.png;q
z5297_3337.png;q
z5297_38921.png;q
z5297_39583.png;q
z5297_41748.png;q
z5297_42181.png;q
z5297_45071.png;q
z5297_4570.png;q
z5297_46147.png;q
z5297_46685.png;q
z5297_47424.png;q
z5297_4763.png;q
z5297_48038.png;q
z5297_50523.png;q
z5297_50780.png;q
z5297_51031.png;q
z5297_51433.png;q
z5297_5175.png;q
z5297_51935.png;q
z5297_52283.png;q
z5297_53364.png;q
z5297_53629.png;q
z5297_53753.png;q
z5297_54125.png;q
z5297_54323.png;q
z5297_54585.png;q
z5297_55214.png;q
z5297_55315.png;q
z5297_55760.png;q
z5297_57055.png;q
z5297_57270.png;q
z5297_57466.png;q
z5297_58090.png;q
z5297_58183.png;q
z5297_58364.png;q
z5297_59129.png;q
z5297_60471.png;q
z5297_60811.png;q
z5297_61124.png;q
z5297_61649.png;q
z5297_61823.png;q
z5297_62646.png;q
z5297_62938.png;q
z5297_65343.png;q
z5297_6557.png;q
z5297_66179.png;q
z5297_66844.png;q
z5297_66987.png;q
z5297_6738.png;t
z5297_67475.png;q
z5297_68629.png;q
z5297_6998.png;q
z5297_70660.png;q
z5297_70809.png;q
z5297_70884.png;q
z5297_72530.png;q
z5297_72686.png;q
z5297_72896.png;q
z5297_73366.png;q
z5297_74661.png;q
z5297_74932.png;q
z5297_75033.png;q
z5297_75216.png;q
z5297_76422.png;q
z5297_77238.png;q
z5297_77378.png;q
z5297_77779.png;q
z5297_78598.png;q
z5297_78785.png;q
z5297_78901.png;q
z5297_79996.png;q
z5297_80970.png;q
z5297_81129.png;q
z5297_81668.png;q
z5297_81792.png;q
z5297_81952.png;q
z5297_82910.png;q
z5297_83597.png;q
z5297_83784.png;q
z5297_84075.png;q
z5297_85459.png;q
z5297_85699.png;q
z5297_86461.png;q
z5297_86811.png;q
z5297_87582.png;q
z5297_87744.png;q
z5297_8783.png;q
z5297_87923.png;q
z5297_88589.png;q
z5297_88696.png;q
z5297_88774.png;q
z5297_89648.png;q
z5297_89942.png;q
z5297_90084.png;q
z5297_90522.png;q
z5297_91120.png;q
z5297_91326.png;q
z5297_91463.png;q
z5297_91747.png;q
z5297_91875.png;q
z5297_92157.png;q
z5297_92326.png;q
z5297_92770.png;q
z5297_93416.png;q
z5297_93732.png;q
z5297_93983.png;q
z5297_94183.png;q
z5297_94316.png;q
z5297_94431.png;q
z5297_94542.png;q
z5297_94816.png;q
z5297_96283.png;q
z5297_96374.png;q
z5297_96885.png;q
z5297_97087.png;q
z5297_97995.png;q
z5297_98176.png;q
z5297_98311.png;q
z5297_98786.png;q
z5297_99265.png;q
z5297_99473.png;q
z5297_99686.png;q
z5299_11335.png;q
z5299_11468.png;q
z5299_15097.png;q
z5299_15546.png;q
z5299_15787.png;q
z5299_16685.png;q
z5299_1732.png;q
z5299_17805.png;q
z5299_18159.png;q
z5299_18997.png;q
z5299_19112.png;q
z5299_19646.png;q
z5299_19812.png;q
z5299_20018.png;q
z5299_20328.png;q
z5299_20774.png;q
z5299_20928.png;q
z5299_2106.png;q
z5299_21384.png;q
z5299_21724.png;q
z5299_22266.png;q
z5299_22368.png;q
z5299_22778.png;q
z5299_22891.png;q
z5299_23966.png;q
z5299_24147.png;q
z5299_2499.png;q
z5299_25947.png;q
z5299_2628.png;q
z5299_26578.png;q
z5299_26901.png;q
z5299_27513.png;q
z5299_29119.png;q
z5299_29308.png;q
z5299_29949.png;q
z5299_30531.png;q
z5299_31590.png;q
z5299_32148.png;q
z5299_32620.png;q
z5299_3342.png;q
z5299_33469.png;q
z5299_33599.png;q
z5299_34127.png;q
z5299_34599.png;q
z5299_34911.png;q
z5299_3534.png;q
z5299_35586.png;q
z5299_36794.png;q
z5299_37160.png;q
z5299_3726.png;q
z5299_38087.png;q
z5299_38449.png;q
z5299_39813.png;q
z5299_40674.png;q
z5299_4072.png;q
z5299_41563.png;q
z5299_41950.png;q
z5299_42802.png;q
z5299_43182.png;q
z5299_43545.png;q
z5299_44292.png;q
z5299_44723.png;q
z5299_45104.png;q
z5299_4520.png;q
z5299_46236.png;q
z5299_4699.png;q
z5299_51457.png;q
z5299_51890.png;q
z5299_52331.png;q
z5299_5240.png;q
z5299_52726.png;q
z5299_52977.png;q
z5299_5317.png;q
z5299_53261.png;q
z5299_53616.png;q
z5299_53820.png;q
z5299_54090.png;q
z5299_54203.png;q
z5299_54460.png;q
z5299_54563.png;q
z5299_54686.png;q
z5299_54776.png;q
z5299_55852.png;q
z5299_56226.png;q
z5299_56658.png;q
z5299_57146.png;q
z5299_57273.png;q
z5299_57417.png;q
z5299_57637.png;q
z5299_58264.png;q
z5299_58433.png;q
z5299_59009.png;q
z5299_60018.png;q
z5299_60245.png;q
z5299_60434.png;q
z5299_60759.png;q
z5299_61005.png;q
z5299_61751.png;q
z5299_61857.png;q
z5299_63562.png;q
z5299_63887.png;q
z5299_64871.png;q
z5299_65187.png;q
z5299_65513.png;q
z5299_6588.png;q
z5299_66515.png;q
z5299_66650.png;q
z5299_66816.png;q
z5299_67254.png;q
z5299_67512.png;q
z5299_67589.png;q
z5299_67822.png;q
z5299_68268.png;q
z5299_68607.png;q
z5299_7169.png;q
z5299_8755.png;q
z5299_9379.png;q
z5299_9560.png;q
z5301_1008.png;q
z5301_1427.png;q
z5301_1976.png;q
z5301_2116.png;q
z5301_2267.png;q
z5301_2539.png;q
z5301_2603.png;q
z5301_3179.png;q
z5301_325.png;q
z5301_383.png;q
z5301_495.png;q
z5303_1103.png;q
z5303_1549.png;q
z5303_1755.png;q
z5303_2287.png;q
z5303_2559.png;q
z5303_3036.png;q
z5303_3231.png;q
z5303_3931.png;q
z5303_398.png;q
z5303_737.png;q
z5303_856.png;q
z5303_928.png;q
z5305_10011.png;q
z5305_10152.png;q
z5305_10307.png;q
z5305_10617.png;q
z5305_11711.png;q
z5305_11863.png;q
z5305_12391.png;q
z5305_12699.png;q
z5305_12866.png;q
z5305_14015.png;q
z5305_15253.png;q
z5305_15782.png;q
z5305_16156.png;q
z5305_16359.png;q
z5305_17010.png;q
z5305_17386.png;q
z5305_18173.png;q
z5305_18593.png;q
z5305_1862.png;q
z5305_18903.png;q
z5305_20083.png;q
z5305_2011.png;q
z5305_21791.png;q
z5305_2200.png;q
z5305_22032.png;q
z5305_22179.png;q
z5305_22421.png;q
z5305_22587.png;q
z5305_22806.png;q
z5305_23491.png;q
z5305_2357.png;q
z5305_24287.png;q
z5305_24474.png;q
z5305_25406.png;q
z5305_25684.png;q
z5305_26923.png;q
z5305_27129.png;q
z5305_27758.png;q
z5305_2787.png;q
z5305_28206.png;q
z5305_28572.png;q
z5305_2930.png;q
z5305_29384.png;q
z5305_29492.png;q
z5305_4845.png;q
z5305_5302.png;q
z5305_5912.png;q
z5305_6497.png;q
z5305_6636.png;q
z5305_7069.png;q
z5305_7805.png;q
z5305_8288.png;q
z5305_856.png;q
z5305_8590.png;q
z5305_9508.png;q
z5305_9693.png;q
z5305_9885.png;q
z5297_5768.png;t
z5297_65108.png;q
